"","game","round","date","home_team","score","away_team","arena","X"
"1","1","1","14/05/2017 - 11:00","266","3 x 2","277","Maracanã - Rio de Janeiro - RJ",""
"2","2","1","13/05/2017 - 16:00","262","1 x 1","282","Maracanã - Rio de Janeiro - RJ",""
"3","3","1","14/05/2017 - 16:00","275","4 x 0","267","Allianz Parque - Sao Paulo - SP",""
"4","4","1","13/05/2017 - 19:00","264","1 x 1","315","Arena Corinthians - Sao Paulo - SP",""
"5","5","1","14/05/2017 - 16:00","283","1 x 0","276","Mineirão - Belo Horizonte - MG",""
"6","6","1","15/05/2017 - 20:00","294","4 x 1","373","Couto Pereira - Curitiba - PR",""
"7","7","1","14/05/2017 - 19:00","284","2 x 0","263","Arena do Grêmio - Porto Alegre - RS",""
"8","8","1","14/05/2017 - 16:00","265","6 x 2","293","Arena Fonte Nova - Salvador - BA",""
"9","9","1","14/05/2017 - 16:00","303","4 x 0","292","Moisés Lucarelli - Campinas - SP",""
"10","10","1","14/05/2017 - 16:00","314","0 x 0","287","Ressacada - Florianopolis - SC",""
"11","11","2","21/05/2017 - 18:00","263","2 x 0","303","Nilton Santos - Rio de Janeiro - RJ",""
"12","12","2","21/05/2017 - 11:00","267","2 x 1","265","São Januário - Rio de Janeiro - RJ",""
"13","13","2","20/05/2017 - 16:00","277","1 x 0","294","Vila Belmiro - 277",""
"14","14","2","22/05/2017 - 20:00","276","2 x 0","314","Morumbi - Sao Paulo - SP",""
"15","15","2","21/05/2017 - 16:00","282","1 x 2","266","Independência - Belo Horizonte - MG",""
"16","16","2","21/05/2017 - 16:00","293","0 x 2","284","Arena da Baixada - Curitiba - PR",""
"17","17","2","21/05/2017 - 19:00","292","1 x 1","283","Ilha do Retiro - Recife - PE",""
"18","18","2","21/05/2017 - 16:00","287","0 x 1","264","Arena Fonte Nova - Salvador - BA",""
"19","19","2","20/05/2017 - 19:00","373","0 x 3","262","Serra Dourada - Goiania - GO",""
"20","20","2","20/05/2017 - 19:00","315","1 x 0","275","Arena Condá - Chapeco - SC",""
"21","21","3","28/05/2017 - 19:00","263","1 x 0","265","Nilton Santos - Rio de Janeiro - RJ",""
"22","22","3","27/05/2017 - 16:00","267","3 x 2","266","São Januário - Rio de Janeiro - RJ",""
"23","23","3","28/05/2017 - 16:00","277","0 x 1","283","Vila Belmiro - 277",""
"24","24","3","27/05/2017 - 19:00","276","2 x 0","275","Morumbi - Sao Paulo - SP",""
"25","25","3","28/05/2017 - 11:00","282","2 x 2","303","Independência - Belo Horizonte - MG",""
"26","26","3","28/05/2017 - 16:00","293","1 x 1","262","Arena da Baixada - Curitiba - PR",""
"27","27","3","28/05/2017 - 18:00","292","4 x 3","284","Ilha do Retiro - Recife - PE",""
"28","28","3","27/05/2017 - 21:00","287","0 x 1","294","Arena Fonte Nova - Salvador - BA",""
"29","29","3","28/05/2017 - 16:00","373","0 x 1","264","Serra Dourada - Goiania - GO",""
"30","30","3","29/05/2017 - 20:00","315","2 x 0","314","Arena Condá - Chapeco - SC",""
"31","31","4","03/06/2017 - 18:00","266","2 x 1","287","Maracanã - Rio de Janeiro - RJ",""
"32","32","4","04/06/2017 - 11:00","262","0 x 0","263","Raulino de Oliveira - Volta Redonda - RJ",""
"33","33","4","04/06/2017 - 16:00","275","0 x 0","282","Allianz Parque - Sao Paulo - SP",""
"34","34","4","03/06/2017 - 19:00","264","2 x 0","277","Arena Corinthians - Sao Paulo - SP",""
"35","35","4","04/06/2017 - 19:00","283","0 x 2","315","Mineirão - Belo Horizonte - MG",""
"36","36","4","03/06/2017 - 16:00","294","1 x 0","293","Couto Pereira - Curitiba - PR",""
"37","37","4","04/06/2017 - 16:00","284","2 x 0","267","Arena do Grêmio - Porto Alegre - RS",""
"38","38","4","05/06/2017 - 20:00","265","3 x 0","373","Arena Fonte Nova - Salvador - BA",""
"39","39","4","04/06/2017 - 16:00","303","1 x 0","276","Moisés Lucarelli - Campinas - SP",""
"40","40","4","04/06/2017 - 11:00","314","1 x 0","292","Ressacada - Florianopolis - SC",""
"41","41","5","06/06/2017 - 20:00","266","1 x 1","293","Maracanã - Rio de Janeiro - RJ",""
"42","42","5","07/06/2017 - 21:45","267","2 x 5","264","São Januário - Rio de Janeiro - RJ",""
"43","43","5","07/06/2017 - 21:00","277","1 x 0","263","Pacaembu - Sao Paulo - SP",""
"44","44","5","08/06/2017 - 19:30","276","2 x 0","287","Morumbi - Sao Paulo - SP",""
"45","45","5","07/06/2017 - 19:30","282","1 x 0","314","Independência - Belo Horizonte - MG",""
"46","46","5","07/06/2017 - 19:30","294","1 x 0","275","Couto Pereira - Curitiba - PR",""
"47","47","5","07/06/2017 - 21:45","292","2 x 0","262","Ilha do Retiro - Recife - PE",""
"48","48","5","08/06/2017 - 21:00","265","1 x 0","283","Arena Fonte Nova - Salvador - BA",""
"49","49","5","08/06/2017 - 19:30","373","3 x 0","303","Olímpico Pedro Ludovico - Goiania - GO",""
"50","50","5","08/06/2017 - 20:00","315","3 x 6","284","Arena Condá - Chapeco - SC",""
"51","51","6","11/06/2017 - 11:00","263","2 x 2","294","Nilton Santos - Rio de Janeiro - RJ",""
"52","52","6","10/06/2017 - 19:00","267","2 x 1","292","São Januário - Rio de Janeiro - RJ",""
"53","53","6","10/06/2017 - 16:00","275","3 x 1","266","Allianz Parque - Sao Paulo - SP",""
"54","54","6","11/06/2017 - 16:00","264","3 x 2","276","Arena Corinthians - Sao Paulo - SP",""
"55","55","6","11/06/2017 - 18:30","283","2 x 0","373","Mineirão - Belo Horizonte - MG",""
"56","56","6","11/06/2017 - 19:00","293","0 x 2","277","Arena da Baixada - Curitiba - PR",""
"57","57","6","12/06/2017 - 20:00","284","1 x 0","265","Arena do Grêmio - Porto Alegre - RS",""
"58","58","6","11/06/2017 - 16:00","287","2 x 0","282","Manoel Barradas - Salvador - BA",""
"59","59","6","11/06/2017 - 16:00","303","3 x 2","315","Moisés Lucarelli - Campinas - SP",""
"60","60","6","11/06/2017 - 16:00","314","1 x 1","262","Ressacada - Florianopolis - SC",""
"61","61","7","15/06/2017 - 21:00","266","0 x 2","284","Maracanã - Rio de Janeiro - RJ",""
"62","62","7","14/06/2017 - 21:00","262","2 x 0","303","Luso Brasileiro - Rio de Janeiro - RJ",""
"63","63","7","14/06/2017 - 21:45","277","1 x 0","275","Vila Belmiro - 277",""
"64","64","7","14/06/2017 - 21:45","264","1 x 0","283","Arena Corinthians - Sao Paulo - SP",""
"65","65","7","14/06/2017 - 19:30","282","0 x 1","293","Independência - Belo Horizonte - MG",""
"66","66","7","15/06/2017 - 16:00","294","0 x 0","265","Couto Pereira - Curitiba - PR",""
"67","67","7","14/06/2017 - 19:30","292","0 x 0","276","Ilha do Retiro - Recife - PE",""
"68","68","7","14/06/2017 - 19:30","287","2 x 2","263","Manoel Barradas - Salvador - BA",""
"69","69","7","14/06/2017 - 19:30","373","3 x 1","314","Olímpico Pedro Ludovico - Goiania - GO",""
"70","70","7","14/06/2017 - 21:45","315","2 x 1","267","Arena Condá - Chapeco - SC",""
"71","71","8","18/06/2017 - 16:00","266","2 x 2","262","Maracanã - Rio de Janeiro - RJ",""
"72","72","8","17/06/2017 - 19:00","267","1 x 0","314","São Januário - Rio de Janeiro - RJ",""
"73","73","8","17/06/2017 - 21:00","277","0 x 0","303","Pacaembu - Sao Paulo - SP",""
"74","74","8","18/06/2017 - 16:00","276","1 x 2","282","Morumbi - Sao Paulo - SP",""
"75","75","8","19/06/2017 - 20:00","283","3 x 3","284","Mineirão - Belo Horizonte - MG",""
"76","76","8","18/06/2017 - 11:00","294","0 x 0","264","Couto Pereira - Curitiba - PR",""
"77","77","8","18/06/2017 - 19:00","292","1 x 3","287","Ilha do Retiro - Recife - PE",""
"78","78","8","18/06/2017 - 16:00","265","2 x 4","275","Arena Fonte Nova - Salvador - BA",""
"79","79","8","17/06/2017 - 16:00","373","0 x 1","293","Olímpico Pedro Ludovico - Goiania - GO",""
"80","80","8","18/06/2017 - 16:00","315","0 x 2","263","Arena Condá - Chapeco - SC",""
"81","81","9","21/06/2017 - 21:00","263","3 x 1","267","Nilton Santos - Rio de Janeiro - RJ",""
"82","82","9","22/06/2017 - 21:00","262","5 x 1","315","Luso Brasileiro - Rio de Janeiro - RJ",""
"83","83","9","21/06/2017 - 21:00","275","1 x 0","373","Allianz Parque - Sao Paulo - SP",""
"84","84","9","22/06/2017 - 19:30","264","3 x 0","265","Arena Corinthians - Sao Paulo - SP",""
"85","85","9","21/06/2017 - 21:45","282","2 x 2","292","Independência - Belo Horizonte - MG",""
"86","86","9","21/06/2017 - 21:45","293","1 x 0","276","Arena da Baixada - Curitiba - PR",""
"87","87","9","22/06/2017 - 21:00","284","2 x 0","294","Arena do Grêmio - Porto Alegre - RS",""
"88","88","9","21/06/2017 - 19:30","287","0 x 2","277","Manoel Barradas - Salvador - BA",""
"89","89","9","22/06/2017 - 19:30","303","1 x 0","283","Moisés Lucarelli - Campinas - SP",""
"90","90","9","21/06/2017 - 21:45","314","0 x 3","266","Ressacada - Florianopolis - SC",""
"91","91","10","26/06/2017 - 20:00","263","0 x 2","314","Nilton Santos - Rio de Janeiro - RJ",""
"92","92","10","25/06/2017 - 11:00","267","1 x 0","373","São Januário - Rio de Janeiro - RJ",""
"93","93","10","24/06/2017 - 19:00","277","0 x 1","292","Vila Belmiro - 277",""
"94","94","10","25/06/2017 - 16:00","276","1 x 1","266","Morumbi - Sao Paulo - SP",""
"95","95","10","25/06/2017 - 16:00","283","2 x 0","294","Mineirão - Belo Horizonte - MG",""
"96","96","10","25/06/2017 - 16:00","293","4 x 1","287","Arena da Baixada - Curitiba - PR",""
"97","97","10","25/06/2017 - 16:00","284","0 x 1","264","Arena do Grêmio - Porto Alegre - RS",""
"98","98","10","25/06/2017 - 18:30","265","0 x 1","262","Arena Fonte Nova - Salvador - BA",""
"99","99","10","25/06/2017 - 16:00","303","1 x 2","275","Moisés Lucarelli - Campinas - SP",""
"100","100","10","25/06/2017 - 19:00","315","0 x 1","282","Arena Condá - Chapeco - SC",""
"101","101","11","03/07/2017 - 20:00","266","3 x 3","315","Giulite Coutinho - Mesquita - RJ",""
"102","102","11","02/07/2017 - 16:00","262","2 x 0","276","Luso Brasileiro - Rio de Janeiro - RJ",""
"103","103","11","01/07/2017 - 16:00","275","1 x 0","284","Pacaembu - Sao Paulo - SP",""
"104","104","11","02/07/2017 - 16:00","264","1 x 0","263","Arena Corinthians - Sao Paulo - SP",""
"105","105","11","02/07/2017 - 16:00","282","3 x 1","283","Independência - Belo Horizonte - MG",""
"106","106","11","02/07/2017 - 19:00","294","2 x 2","267","Durival Britto - Curitiba - PR",""
"107","107","11","02/07/2017 - 16:00","292","1 x 0","293","Ilha do Retiro - Recife - PE",""
"108","108","11","02/07/2017 - 16:00","287","0 x 0","265","Manoel Barradas - Salvador - BA",""
"109","109","11","01/07/2017 - 19:00","373","1 x 1","277","Olímpico Pedro Ludovico - Goiania - GO",""
"110","110","11","02/07/2017 - 19:00","314","0 x 0","303","Ressacada - Florianopolis - SC",""
"111","111","12","09/07/2017 - 19:00","263","1 x 1","282","Nilton Santos - Rio de Janeiro - RJ",""
"112","112","12","08/07/2017 - 18:00","267","0 x 1","262","São Januário - Rio de Janeiro - RJ",""
"113","113","12","09/07/2017 - 19:00","277","3 x 2","276","Vila Belmiro - 277",""
"114","114","12","08/07/2017 - 19:00","264","2 x 0","303","Arena Corinthians - Sao Paulo - SP",""
"115","115","12","09/07/2017 - 16:00","283","3 x 1","275","Mineirão - Belo Horizonte - MG",""
"116","116","12","10/07/2017 - 20:00","294","0 x 3","292","Couto Pereira - Curitiba - PR",""
"117","117","12","09/07/2017 - 16:00","284","0 x 2","314","Arena do Grêmio - Porto Alegre - RS",""
"118","118","12","09/07/2017 - 16:00","265","1 x 1","266","Arena Fonte Nova - Salvador - BA",""
"119","119","12","08/07/2017 - 16:00","373","1 x 2","287","Olímpico Pedro Ludovico - Goiania - GO",""
"120","120","12","09/07/2017 - 11:00","315","1 x 1","293","Arena Condá - Chapeco - SC",""
"121","121","13","12/07/2017 - 21:00","266","0 x 1","263","Maracanã - Rio de Janeiro - RJ",""
"122","122","13","13/07/2017 - 19:30","262","0 x 1","284","Luso Brasileiro - Rio de Janeiro - RJ",""
"123","123","13","12/07/2017 - 21:45","275","0 x 2","264","Allianz Parque - Sao Paulo - SP",""
"124","124","13","13/07/2017 - 19:30","276","2 x 2","373","Morumbi - Sao Paulo - SP",""
"125","125","13","12/07/2017 - 19:30","282","0 x 1","277","Independência - Belo Horizonte - MG",""
"126","126","13","12/07/2017 - 21:45","293","0 x 2","283","Arena da Baixada - Curitiba - PR",""
"127","127","13","13/07/2017 - 19:30","292","3 x 0","315","Arena Pernambuco - São Lourenço da Mata - PE",""
"128","128","13","12/07/2017 - 21:45","287","1 x 4","267","Manoel Barradas - Salvador - BA",""
"129","129","13","12/07/2017 - 19:30","303","0 x 3","265","Moisés Lucarelli - Campinas - SP",""
"130","130","13","13/07/2017 - 21:00","314","1 x 4","294","Ressacada - Florianopolis - SC",""
"131","131","14","17/07/2017 - 20:00","263","2 x 1","292","Nilton Santos - Rio de Janeiro - RJ",""
"132","132","14","16/07/2017 - 16:00","267","0 x 0","277","Nilton Santos - Rio de Janeiro - RJ",""
"133","133","14","16/07/2017 - 11:00","275","4 x 2","287","Allianz Parque - Sao Paulo - SP",""
"134","134","14","15/07/2017 - 19:00","264","2 x 2","293","Arena Corinthians - Sao Paulo - SP",""
"135","135","14","16/07/2017 - 16:00","283","1 x 1","262","Mineirão - Belo Horizonte - MG",""
"136","136","14","16/07/2017 - 19:00","294","1 x 2","266","Couto Pereira - Curitiba - PR",""
"137","137","14","16/07/2017 - 16:00","284","3 x 1","303","Arena do Grêmio - Porto Alegre - RS",""
"138","138","14","16/07/2017 - 19:00","265","1 x 1","314","Pituaçu - Salvador - BA",""
"139","139","14","16/07/2017 - 16:00","373","1 x 2","282","Olímpico Pedro Ludovico - Goiania - GO",""
"140","140","14","16/07/2017 - 16:00","315","2 x 0","276","Arena Condá - Chapeco - SC",""
"141","141","15","20/07/2017 - 19:30","266","1 x 1","283","Giulite Coutinho - Mesquita - RJ",""
"142","142","15","19/07/2017 - 21:45","262","2 x 2","275","Luso Brasileiro - Rio de Janeiro - RJ",""
"143","143","15","19/07/2017 - 19:30","277","1 x 0","315","Vila Belmiro - 277",""
"144","144","15","19/07/2017 - 21:45","276","1 x 0","267","Morumbi - Sao Paulo - SP",""
"145","145","15","19/07/2017 - 21:45","282","0 x 2","265","Independência - Belo Horizonte - MG",""
"146","146","15","20/07/2017 - 21:00","293","0 x 0","263","Arena da Baixada - Curitiba - PR",""
"147","147","15","20/07/2017 - 20:00","292","4 x 0","373","Ilha do Retiro - Recife - PE",""
"148","148","15","19/07/2017 - 19:30","287","1 x 3","284","Manoel Barradas - Salvador - BA",""
"149","149","15","19/07/2017 - 21:00","303","4 x 0","294","Moisés Lucarelli - Campinas - SP",""
"150","150","15","19/07/2017 - 21:00","314","0 x 0","264","Ressacada - Florianopolis - SC",""
"151","151","16","22/07/2017 - 16:00","287","1 x 2","315","Manoel Barradas - Salvador - BA",""
"152","152","16","23/07/2017 - 11:00","277","3 x 0","265","Pacaembu - Sao Paulo - SP",""
"153","153","16","22/07/2017 - 19:00","262","2 x 1","294","Luso Brasileiro - Rio de Janeiro - RJ",""
"154","154","16","23/07/2017 - 19:00","293","0 x 2","303","Arena da Baixada - Curitiba - PR",""
"155","155","16","23/07/2017 - 16:00","266","0 x 1","264","Maracanã - Rio de Janeiro - RJ",""
"156","156","16","23/07/2017 - 16:00","292","0 x 2","275","Arena Pernambuco - São Lourenço da Mata - PE",""
"157","157","16","23/07/2017 - 19:00","373","1 x 1","263","Olímpico Pedro Ludovico - Goiania - GO",""
"158","158","16","23/07/2017 - 16:00","314","1 x 0","283","Ressacada - Florianopolis - SC",""
"159","159","16","23/07/2017 - 19:00","282","1 x 2","267","Independência - Belo Horizonte - MG",""
"160","160","16","24/07/2017 - 20:00","276","1 x 1","284","Morumbi - Sao Paulo - SP",""
"161","161","17","29/07/2017 - 16:00","263","3 x 4","276","Nilton Santos - Rio de Janeiro - RJ",""
"162","162","17","29/07/2017 - 19:00","275","2 x 0","314","Allianz Parque - Sao Paulo - SP",""
"163","163","17","30/07/2017 - 19:00","283","0 x 0","287","Mineirão - Belo Horizonte - MG",""
"164","164","17","30/07/2017 - 11:00","315","1 x 2","373","Arena Condá - Chapeco - SC",""
"165","165","17","30/07/2017 - 16:00","264","1 x 1","262","Arena Corinthians - Sao Paulo - SP",""
"166","166","17","30/07/2017 - 16:00","294","0 x 2","282","Couto Pereira - Curitiba - PR",""
"167","167","17","30/07/2017 - 16:00","265","1 x 3","292","Arena Fonte Nova - Salvador - BA",""
"168","168","17","09/08/2017 - 20:00","303","0 x 0","266","Moisés Lucarelli - Campinas - SP",""
"169","169","17","30/07/2017 - 19:00","284","1 x 1","277","Arena do Grêmio - Porto Alegre - RS",""
"170","170","17","31/07/2017 - 20:00","267","0 x 1","293","Raulino de Oliveira - Volta Redonda - RJ",""
"171","171","18","02/08/2017 - 19:30","292","2 x 2","266","Ilha do Retiro - Recife - PE",""
"172","172","18","02/08/2017 - 19:30","315","1 x 1","265","Arena Condá - Chapeco - SC",""
"173","173","18","02/08/2017 - 21:00","282","0 x 2","264","Mineirão - Belo Horizonte - MG",""
"174","174","18","02/08/2017 - 21:00","287","3 x 1","303","Manoel Barradas - Salvador - BA",""
"175","175","18","02/08/2017 - 21:45","263","1 x 2","275","Nilton Santos - Rio de Janeiro - RJ",""
"176","176","18","02/08/2017 - 21:45","277","3 x 2","262","Pacaembu - Sao Paulo - SP",""
"177","177","18","02/08/2017 - 21:45","373","0 x 1","284","Olímpico Pedro Ludovico - Goiania - GO",""
"178","178","18","03/08/2017 - 19:30","276","1 x 2","294","Morumbi - Sao Paulo - SP",""
"179","179","18","03/08/2017 - 19:30","293","5 x 0","314","Arena da Baixada - Curitiba - PR",""
"180","180","18","03/08/2017 - 20:00","267","0 x 3","283","Raulino de Oliveira - Volta Redonda - RJ",""
"181","181","19","05/08/2017 - 19:00","264","3 x 1","292","Arena Corinthians - Sao Paulo - SP",""
"182","182","19","06/08/2017 - 11:00","262","0 x 2","287","Luso Brasileiro - Rio de Janeiro - RJ",""
"183","183","19","06/08/2017 - 16:00","275","0 x 1","293","Allianz Parque - Sao Paulo - SP",""
"184","184","19","06/08/2017 - 16:00","283","0 x 0","263","Mineirão - Belo Horizonte - MG",""
"185","185","19","06/08/2017 - 16:00","294","2 x 0","315","Couto Pereira - Curitiba - PR",""
"186","186","19","06/08/2017 - 16:00","284","2 x 0","282","Arena do Grêmio - Porto Alegre - RS",""
"187","187","19","06/08/2017 - 16:00","265","2 x 1","276","Arena Fonte Nova - Salvador - BA",""
"188","188","19","06/08/2017 - 19:00","303","0 x 0","267","Moisés Lucarelli - Campinas - SP",""
"189","189","19","06/08/2017 - 19:00","314","0 x 0","277","Ressacada - Florianopolis - SC",""
"190","190","19","05/08/2017 - 19:00","266","3 x 1","373","Maracanã - Rio de Janeiro - RJ",""
"191","191","20","12/08/2017 - 16:00","373","1 x 0","294","Olímpico Pedro Ludovico - Goiania - GO",""
"192","192","20","12/08/2017 - 19:00","287","0 x 1","314","Manoel Barradas - Salvador - BA",""
"193","193","20","13/08/2017 - 11:00","276","3 x 2","283","Morumbi - Sao Paulo - SP",""
"194","194","20","13/08/2017 - 16:00","267","1 x 1","275","Raulino de Oliveira - Volta Redonda - RJ",""
"195","195","20","14/08/2017 - 20:00","277","0 x 0","266","Pacaembu - Sao Paulo - SP",""
"196","196","20","13/08/2017 - 16:00","282","2 x 0","262","Independência - Belo Horizonte - MG",""
"197","197","20","13/08/2017 - 19:00","293","4 x 1","265","Arena da Baixada - Curitiba - PR",""
"198","198","20","13/08/2017 - 19:00","263","1 x 0","284","Nilton Santos - Rio de Janeiro - RJ",""
"199","199","20","13/08/2017 - 16:00","292","0 x 0","303","Ilha do Retiro - Recife - PE",""
"200","200","20","23/08/2017 - 19:30","315","0 x 1","264","Arena Condá - Chapeco - SC",""
"201","201","21","19/08/2017 - 16:00","264","0 x 1","287","Arena Corinthians - Sao Paulo - SP",""
"202","202","21","19/08/2017 - 19:00","262","2 x 0","373","Luso Brasileiro - Rio de Janeiro - RJ",""
"203","203","21","20/08/2017 - 16:00","303","2 x 1","263","Moisés Lucarelli - Campinas - SP",""
"204","204","21","20/08/2017 - 16:00","283","2 x 0","292","Mineirão - Belo Horizonte - MG",""
"205","205","21","20/08/2017 - 16:00","265","3 x 0","267","Arena Fonte Nova - Salvador - BA",""
"206","206","21","20/08/2017 - 16:00","314","1 x 1","276","Ressacada - Florianopolis - SC",""
"207","207","21","20/08/2017 - 11:00","284","0 x 0","293","Arena do Grêmio - Porto Alegre - RS",""
"208","208","21","20/08/2017 - 19:00","275","0 x 2","315","Allianz Parque - Sao Paulo - SP",""
"209","209","21","20/08/2017 - 19:00","294","0 x 0","277","Couto Pereira - Curitiba - PR",""
"210","210","21","21/08/2017 - 20:00","266","2 x 1","282","Maracanã - Rio de Janeiro - RJ",""
"211","211","22","26/08/2017 - 16:00","266","0 x 1","267","Maracanã - Rio de Janeiro - RJ",""
"212","212","22","26/08/2017 - 19:00","264","0 x 1","373","Arena Corinthians - Sao Paulo - SP",""
"213","213","22","02/09/2017 - 16:00","284","5 x 0","292","Arena do Grêmio - Porto Alegre - RS",""
"214","214","22","27/08/2017 - 19:00","314","1 x 0","315","Ressacada - Florianopolis - SC",""
"215","215","22","27/08/2017 - 16:00","262","2 x 0","293","Luso Brasileiro - Rio de Janeiro - RJ",""
"216","216","22","27/08/2017 - 16:00","275","4 x 2","276","Allianz Parque - Sao Paulo - SP",""
"217","217","22","27/08/2017 - 16:00","265","1 x 2","263","Arena Fonte Nova - Salvador - BA",""
"218","218","22","27/08/2017 - 16:00","303","1 x 2","282","Moisés Lucarelli - Campinas - SP",""
"219","219","22","27/08/2017 - 19:00","283","1 x 1","277","Mineirão - Belo Horizonte - MG",""
"220","220","22","28/08/2017 - 20:00","294","0 x 1","287","Couto Pereira - Curitiba - PR",""
"221","221","23","09/09/2017 - 16:00","282","1 x 1","275","Independência - Belo Horizonte - MG",""
"222","222","23","09/09/2017 - 19:00","276","2 x 2","303","Morumbi - Sao Paulo - SP",""
"223","223","23","10/09/2017 - 11:00","293","1 x 1","294","Arena da Baixada - Curitiba - PR",""
"224","224","23","09/09/2017 - 18:00","267","1 x 0","284","São Januário - Rio de Janeiro - RJ",""
"225","225","23","10/09/2017 - 16:00","277","2 x 0","264","Vila Belmiro - 277",""
"226","226","23","10/09/2017 - 16:00","292","0 x 1","314","Ilha do Retiro - Recife - PE",""
"227","227","23","10/09/2017 - 16:00","287","2 x 2","266","Manoel Barradas - Salvador - BA",""
"228","228","23","10/09/2017 - 19:00","263","2 x 0","262","Nilton Santos - Rio de Janeiro - RJ",""
"229","229","23","10/09/2017 - 19:00","315","1 x 2","283","Arena Condá - Chapeco - SC",""
"230","230","23","11/09/2017 - 20:00","373","1 x 1","265","Olímpico Pedro Ludovico - Goiania - GO",""
"231","231","24","16/09/2017 - 21:00","303","1 x 3","373","Moisés Lucarelli - Campinas - SP",""
"232","232","24","16/09/2017 - 19:00","263","2 x 0","277","Nilton Santos - Rio de Janeiro - RJ",""
"233","233","24","18/09/2017 - 20:00","275","1 x 0","294","Pacaembu - Sao Paulo - SP",""
"234","234","24","17/09/2017 - 16:00","284","0 x 1","315","Arena do Grêmio - Porto Alegre - RS",""
"235","235","24","17/09/2017 - 16:00","262","2 x 0","292","Luso Brasileiro - Rio de Janeiro - RJ",""
"236","236","24","17/09/2017 - 16:00","264","1 x 0","267","Arena Corinthians - Sao Paulo - SP",""
"237","237","24","17/09/2017 - 16:00","287","1 x 2","276","Manoel Barradas - Salvador - BA",""
"238","238","24","17/09/2017 - 11:00","314","1 x 1","282","Ressacada - Florianopolis - SC",""
"239","239","24","17/09/2017 - 16:00","293","3 x 1","266","Arena da Baixada - Curitiba - PR",""
"240","240","24","17/09/2017 - 19:00","283","1 x 0","265","Mineirão - Belo Horizonte - MG",""
"241","241","25","23/09/2017 - 19:00","262","1 x 1","314","Luso Brasileiro - Rio de Janeiro - RJ",""
"242","242","25","23/09/2017 - 21:00","277","1 x 0","293","Vila Belmiro - 277",""
"243","243","25","24/09/2017 - 11:00","276","1 x 1","264","Morumbi - Sao Paulo - SP",""
"244","244","25","24/09/2017 - 16:00","266","0 x 1","275","Maracanã - Rio de Janeiro - RJ",""
"245","245","25","24/09/2017 - 16:00","294","2 x 3","263","Couto Pereira - Curitiba - PR",""
"246","246","25","24/09/2017 - 16:00","373","1 x 2","283","Olímpico Pedro Ludovico - Goiania - GO",""
"247","247","25","24/09/2017 - 16:00","315","1 x 0","303","Arena Condá - Chapeco - SC",""
"248","248","25","24/09/2017 - 19:00","282","1 x 3","287","Independência - Belo Horizonte - MG",""
"249","249","25","24/09/2017 - 19:00","265","1 x 0","284","Arena Fonte Nova - Salvador - BA",""
"250","250","25","25/09/2017 - 20:00","292","1 x 1","267","Ilha do Retiro - Recife - PE",""
"251","251","26","30/09/2017 - 16:00","267","1 x 1","315","São Januário - Rio de Janeiro - RJ",""
"252","252","26","30/09/2017 - 16:00","265","1 x 1","294","Arena Fonte Nova - Salvador - BA",""
"253","253","26","30/09/2017 - 19:00","275","0 x 1","277","Allianz Parque - Sao Paulo - SP",""
"254","254","26","01/10/2017 - 16:00","263","2 x 3","287","Nilton Santos - Rio de Janeiro - RJ",""
"255","255","26","01/10/2017 - 16:00","276","1 x 0","292","Morumbi - Sao Paulo - SP",""
"256","256","26","01/10/2017 - 16:00","283","1 x 1","264","Mineirão - Belo Horizonte - MG",""
"257","257","26","01/10/2017 - 16:00","314","0 x 2","373","Ressacada - Florianopolis - SC",""
"258","258","26","01/10/2017 - 16:00","284","1 x 0","266","Arena do Grêmio - Porto Alegre - RS",""
"259","259","26","01/10/2017 - 19:00","293","0 x 2","282","Arena da Baixada - Curitiba - PR",""
"260","260","26","02/10/2017 - 20:00","303","1 x 0","262","Moisés Lucarelli - Campinas - SP",""
"261","261","28","07/10/2017 - 16:00","283","2 x 1","303","Mineirão - Belo Horizonte - MG",""
"262","262","27","11/10/2017 - 19:30","263","2 x 1","315","Nilton Santos - Rio de Janeiro - RJ",""
"263","263","27","11/10/2017 - 19:30","293","2 x 2","373","Arena da Baixada - Curitiba - PR",""
"264","264","27","11/10/2017 - 21:00","264","3 x 1","294","Arena Corinthians - Sao Paulo - SP",""
"265","265","27","11/10/2017 - 21:45","282","1 x 0","276","Independência - Belo Horizonte - MG",""
"266","266","27","11/10/2017 - 21:45","284","0 x 1","283","Arena do Grêmio - Porto Alegre - RS",""
"267","267","27","11/10/2017 - 21:45","314","1 x 2","267","Ressacada - Florianopolis - SC",""
"268","268","27","12/10/2017 - 17:00","262","1 x 1","266","Maracanã - Rio de Janeiro - RJ",""
"269","269","27","12/10/2017 - 17:00","287","1 x 2","292","Manoel Barradas - Salvador - BA",""
"270","270","27","12/10/2017 - 17:00","303","1 x 1","277","Moisés Lucarelli - Campinas - SP",""
"271","271","27","12/10/2017 - 21:00","275","2 x 2","265","Pacaembu - Sao Paulo - SP",""
"272","272","28","14/10/2017 - 19:00","267","1 x 0","263","Maracanã - Rio de Janeiro - RJ",""
"273","273","28","14/10/2017 - 21:00","276","2 x 1","293","Pacaembu - Sao Paulo - SP",""
"274","274","28","15/10/2017 - 17:00","266","1 x 0","314","Maracanã - Rio de Janeiro - RJ",""
"275","275","28","15/10/2017 - 17:00","292","1 x 1","282","Ilha do Retiro - Recife - PE",""
"276","276","28","15/10/2017 - 17:00","373","1 x 3","275","Olímpico Pedro Ludovico - Goiania - GO",""
"277","277","28","15/10/2017 - 17:00","315","0 x 1","262","Arena Condá - Chapeco - SC",""
"278","278","28","15/10/2017 - 19:00","294","0 x 1","284","Couto Pereira - Curitiba - PR",""
"279","279","28","15/10/2017 - 19:00","265","2 x 0","264","Arena Fonte Nova - Salvador - BA",""
"280","280","28","16/10/2017 - 20:00","277","2 x 2","287","Pacaembu - Sao Paulo - SP",""
"281","281","29","18/10/2017 - 19:30","373","0 x 1","267","Serra Dourada - Goiania - GO",""
"282","282","29","18/10/2017 - 19:30","294","1 x 0","283","Couto Pereira - Curitiba - PR",""
"283","283","29","18/10/2017 - 21:00","282","2 x 3","315","Independência - Belo Horizonte - MG",""
"284","284","29","18/10/2017 - 21:45","264","0 x 0","284","Arena Corinthians - Sao Paulo - SP",""
"285","285","29","18/10/2017 - 21:45","266","3 x 1","276","Maracanã - Rio de Janeiro - RJ",""
"286","286","29","18/10/2017 - 21:45","314","1 x 1","263","Ressacada - Florianopolis - SC",""
"287","287","29","19/10/2017 - 20:00","275","2 x 0","303","Pacaembu - Sao Paulo - SP",""
"288","288","29","19/10/2017 - 20:00","287","2 x 3","293","Manoel Barradas - Salvador - BA",""
"289","289","29","19/10/2017 - 21:00","262","4 x 1","265","Luso Brasileiro - Rio de Janeiro - RJ",""
"290","290","29","19/10/2017 - 21:00","292","1 x 1","277","Ilha do Retiro - Recife - PE",""
"291","291","30","23/10/2017 - 20:00","263","2 x 1","264","Nilton Santos - Rio de Janeiro - RJ",""
"292","292","30","22/10/2017 - 17:00","276","2 x 0","262","Pacaembu - Sao Paulo - SP",""
"293","293","30","22/10/2017 - 17:00","283","1 x 3","282","Mineirão - Belo Horizonte - MG",""
"294","294","30","22/10/2017 - 17:00","284","1 x 3","275","Arena do Grêmio - Porto Alegre - RS",""
"295","295","30","21/10/2017 - 17:00","267","1 x 1","294","Maracanã - Rio de Janeiro - RJ",""
"296","296","30","22/10/2017 - 17:00","265","2 x 1","287","Arena Fonte Nova - Salvador - BA",""
"297","297","30","22/10/2017 - 17:00","277","1 x 0","373","Vila Belmiro - 277",""
"298","298","30","22/10/2017 - 19:00","303","1 x 2","314","Moisés Lucarelli - Campinas - SP",""
"299","299","30","22/10/2017 - 19:00","315","2 x 0","266","Arena Condá - Chapeco - SC",""
"300","300","30","22/10/2017 - 17:00","293","2 x 1","292","Arena da Baixada - Curitiba - PR",""
"301","301","31","28/10/2017 - 17:00","276","2 x 1","277","Pacaembu - Sao Paulo - SP",""
"302","302","31","28/10/2017 - 19:00","262","0 x 0","267","Maracanã - Rio de Janeiro - RJ",""
"303","303","31","28/10/2017 - 21:00","293","0 x 0","315","Arena da Baixada - Curitiba - PR",""
"304","304","31","29/10/2017 - 17:00","266","1 x 1","265","Maracanã - Rio de Janeiro - RJ",""
"305","305","31","29/10/2017 - 17:00","282","0 x 0","263","Independência - Belo Horizonte - MG",""
"306","306","31","29/10/2017 - 17:00","303","1 x 0","264","Moisés Lucarelli - Campinas - SP",""
"307","307","31","29/10/2017 - 18:00","292","3 x 4","294","Ilha do Retiro - Recife - PE",""
"308","308","31","29/10/2017 - 18:00","287","1 x 1","373","Manoel Barradas - Salvador - BA",""
"309","309","31","29/10/2017 - 19:00","314","2 x 2","284","Ressacada - Florianopolis - SC",""
"310","310","31","30/10/2017 - 20:00","275","2 x 2","283","Allianz Parque - Sao Paulo - SP",""
"311","311","32","04/11/2017 - 17:00","277","3 x 1","282","Vila Belmiro - 277",""
"312","312","32","04/11/2017 - 19:00","263","1 x 2","266","Nilton Santos - Rio de Janeiro - RJ",""
"313","313","32","04/11/2017 - 21:00","294","4 x 0","314","Couto Pereira - Curitiba - PR",""
"314","314","32","05/11/2017 - 17:00","264","3 x 2","275","Arena Corinthians - Sao Paulo - SP",""
"315","315","32","05/11/2017 - 17:00","284","3 x 1","262","Arena do Grêmio - Porto Alegre - RS",""
"316","316","32","05/11/2017 - 19:00","315","1 x 1","292","Arena Condá - Chapeco - SC",""
"317","317","32","05/11/2017 - 17:00","283","1 x 0","293","Mineirão - Belo Horizonte - MG",""
"318","318","32","05/11/2017 - 18:00","265","2 x 0","303","Arena Fonte Nova - Salvador - BA",""
"319","319","32","05/11/2017 - 19:00","267","1 x 1","287","Maracanã - Rio de Janeiro - RJ",""
"320","320","32","04/11/2017 - 19:00","373","0 x 1","276","Serra Dourada - Goiania - GO",""
"321","321","33","08/11/2017 - 19:30","314","1 x 2","265","Ressacada - Florianopolis - SC",""
"322","322","33","08/11/2017 - 19:30","303","0 x 1","284","Moisés Lucarelli - Campinas - SP",""
"323","323","33","08/11/2017 - 21:00","292","1 x 2","263","Ilha do Retiro - Recife - PE",""
"324","324","33","08/11/2017 - 21:00","293","0 x 1","264","Arena da Baixada - Curitiba - PR",""
"325","325","33","08/11/2017 - 21:45","262","2 x 0","283","Luso Brasileiro - Rio de Janeiro - RJ",""
"326","326","33","08/11/2017 - 21:45","277","1 x 2","267","Vila Belmiro - 277",""
"327","327","33","08/11/2017 - 21:45","287","3 x 1","275","Manoel Barradas - Salvador - BA",""
"328","328","33","09/11/2017 - 20:00","276","2 x 2","315","Pacaembu - Sao Paulo - SP",""
"329","329","33","09/11/2017 - 20:00","282","3 x 2","373","Independência - Belo Horizonte - MG",""
"330","330","33","09/11/2017 - 21:00","266","2 x 2","294","Maracanã - Rio de Janeiro - RJ",""
"331","331","34","11/11/2017 - 17:00","263","0 x 1","293","Nilton Santos - Rio de Janeiro - RJ",""
"332","332","34","11/11/2017 - 19:00","264","1 x 0","314","Arena Corinthians - Sao Paulo - SP",""
"333","333","34","12/11/2017 - 17:00","267","1 x 1","276","São Januário - Rio de Janeiro - RJ",""
"334","334","34","12/11/2017 - 17:00","275","2 x 0","262","Allianz Parque - Sao Paulo - SP",""
"335","335","34","12/11/2017 - 17:00","373","2 x 0","292","Olímpico Pedro Ludovico - Goiania - GO",""
"336","336","34","12/11/2017 - 17:00","284","1 x 1","287","Alfredo Jaconi - Caxias do Sul - RS",""
"337","337","34","12/11/2017 - 18:00","265","2 x 2","282","Arena Fonte Nova - Salvador - BA",""
"338","338","34","12/11/2017 - 19:00","283","3 x 1","266","Mineirão - Belo Horizonte - MG",""
"339","339","34","12/11/2017 - 19:00","294","1 x 1","303","Couto Pereira - Curitiba - PR",""
"340","340","34","13/11/2017 - 20:00","315","2 x 0","277","Arena Condá - Chapeco - SC",""
"341","341","35","15/11/2017 - 17:00","303","2 x 1","293","Moisés Lucarelli - Campinas - SP",""
"342","342","35","15/11/2017 - 19:30","284","1 x 0","276","Arena do Grêmio - Porto Alegre - RS",""
"343","343","35","15/11/2017 - 19:30","283","2 x 2","314","Mineirão - Belo Horizonte - MG",""
"344","344","35","15/11/2017 - 21:45","267","1 x 1","282","São Januário - Rio de Janeiro - RJ",""
"345","345","35","15/11/2017 - 21:45","264","3 x 1","266","Arena Corinthians - Sao Paulo - SP",""
"346","346","35","16/11/2017 - 20:00","263","1 x 2","373","Nilton Santos - Rio de Janeiro - RJ",""
"347","347","35","16/11/2017 - 20:00","275","5 x 1","292","Allianz Parque - Sao Paulo - SP",""
"348","348","35","16/11/2017 - 20:00","315","2 x 1","287","Arena Condá - Chapeco - SC",""
"349","349","35","16/11/2017 - 21:00","294","1 x 0","262","Couto Pereira - Curitiba - PR",""
"350","350","35","16/11/2017 - 21:00","265","3 x 1","277","Arena Fonte Nova - Salvador - BA",""
"351","351","36","20/11/2017 - 17:00","266","2 x 0","303","Maracanã - Rio de Janeiro - RJ",""
"352","352","36","19/11/2017 - 17:00","262","3 x 0","264","Luso Brasileiro - Rio de Janeiro - RJ",""
"353","353","36","19/11/2017 - 17:00","276","0 x 0","263","Pacaembu - Sao Paulo - SP",""
"354","354","36","19/11/2017 - 17:00","287","1 x 1","283","Manoel Barradas - Salvador - BA",""
"355","355","36","19/11/2017 - 17:00","373","1 x 1","315","Olímpico Pedro Ludovico - Goiania - GO",""
"356","356","36","19/11/2017 - 17:00","292","1 x 0","265","Ilha do Retiro - Recife - PE",""
"357","357","36","19/11/2017 - 19:00","282","3 x 0","294","Independência - Belo Horizonte - MG",""
"358","358","36","19/11/2017 - 19:00","277","1 x 0","284","Vila Belmiro - 277",""
"359","359","36","19/11/2017 - 19:00","293","3 x 1","267","Arena da Baixada - Curitiba - PR",""
"360","360","36","20/11/2017 - 20:00","314","2 x 1","275","Ressacada - Florianopolis - SC",""
"361","361","37","25/11/2017 - 17:00","266","1 x 2","292","Maracanã - Rio de Janeiro - RJ",""
"362","362","37","26/11/2017 - 17:00","284","1 x 1","373","Arena do Grêmio - Porto Alegre - RS",""
"363","363","37","26/11/2017 - 17:00","314","1 x 0","293","Ressacada - Florianopolis - SC",""
"364","364","37","26/11/2017 - 17:00","264","2 x 2","282","Arena Corinthians - Sao Paulo - SP",""
"365","365","37","26/11/2017 - 17:00","283","0 x 1","267","Mineirão - Belo Horizonte - MG",""
"366","366","37","26/11/2017 - 17:00","294","1 x 2","276","Couto Pereira - Curitiba - PR",""
"367","367","37","26/11/2017 - 17:00","303","2 x 3","287","Moisés Lucarelli - Campinas - SP",""
"368","368","37","26/11/2017 - 19:00","262","1 x 2","277","Luso Brasileiro - Rio de Janeiro - RJ",""
"369","369","37","26/11/2017 - 19:00","265","0 x 1","315","Arena Fonte Nova - Salvador - BA",""
"370","370","37","27/11/2017 - 20:00","275","2 x 0","263","Allianz Parque - Sao Paulo - SP",""
"371","371","38","03/12/2017 - 17:00","263","2 x 2","283","Nilton Santos - Rio de Janeiro - RJ",""
"372","372","38","03/12/2017 - 17:00","267","2 x 1","303","São Januário - Rio de Janeiro - RJ",""
"373","373","38","03/12/2017 - 17:00","277","1 x 1","314","Vila Belmiro - 277",""
"374","374","38","03/12/2017 - 17:00","276","1 x 1","265","Morumbi - Sao Paulo - SP",""
"375","375","38","03/12/2017 - 17:00","282","4 x 3","284","Independência - Belo Horizonte - MG",""
"376","376","38","03/12/2017 - 17:00","293","3 x 0","275","Arena da Baixada - Curitiba - PR",""
"377","377","38","03/12/2017 - 17:00","292","1 x 0","264","Ilha do Retiro - Recife - PE",""
"378","378","38","03/12/2017 - 17:00","287","1 x 2","262","Manoel Barradas - Salvador - BA",""
"379","379","38","03/12/2017 - 17:00","373","1 x 1","266","Olímpico Pedro Ludovico - Goiania - GO",""
"380","380","38","03/12/2017 - 17:00","315","2 x 1","294","Arena Condá - Chapeco - SC",""
